"LOCATION","INDICATOR","SUBJECT","MEASURE","FREQUENCY","TIME","Value","Flag Codes"
"AUS","LTINTFORECAST","TOT","PC_PA","Q","2020-Q1",1.00666666666667,
"AUS","LTINTFORECAST","TOT","PC_PA","Q","2020-Q2",0.896666666666667,
"AUS","LTINTFORECAST","TOT","PC_PA","Q","2020-Q3",0.89,
"AUS","LTINTFORECAST","TOT","PC_PA","Q","2020-Q4",0.89,
"AUS","LTINTFORECAST","TOT","PC_PA","Q","2021-Q1",1.36333333333333,
"AUS","LTINTFORECAST","TOT","PC_PA","Q","2021-Q2",1.62333333333333,
"AUS","LTINTFORECAST","TOT","PC_PA","Q","2021-Q3",1.22333333333333,
"AUS","LTINTFORECAST","TOT","PC_PA","Q","2021-Q4",1.71,
"AUS","LTINTFORECAST","TOT","PC_PA","Q","2022-Q1",2.17333333333333,
"AUS","LTINTFORECAST","TOT","PC_PA","Q","2022-Q2",3.38666666666667,
"AUS","LTINTFORECAST","TOT","PC_PA","Q","2022-Q3",3.53666666666667,
"AUS","LTINTFORECAST","TOT","PC_PA","Q","2022-Q4",3.73333333333333,
"AUS","LTINTFORECAST","TOT","PC_PA","Q","2023-Q1",3.6,
"AUS","LTINTFORECAST","TOT","PC_PA","Q","2023-Q2",4.09666666666667,
"AUS","LTINTFORECAST","TOT","PC_PA","Q","2023-Q3",4.09666666666667,
"AUS","LTINTFORECAST","TOT","PC_PA","Q","2023-Q4",4.09666666666667,
"AUT","LTINTFORECAST","TOT","PC_PA","Q","2020-Q1",-0.146,
"AUT","LTINTFORECAST","TOT","PC_PA","Q","2020-Q2",-0.0608333333333336,
"AUT","LTINTFORECAST","TOT","PC_PA","Q","2020-Q3",-0.281966666666667,
"AUT","LTINTFORECAST","TOT","PC_PA","Q","2020-Q4",-0.4106,
"AUT","LTINTFORECAST","TOT","PC_PA","Q","2021-Q1",-0.228366666666667,
"AUT","LTINTFORECAST","TOT","PC_PA","Q","2021-Q2",0.0207666666666667,
"AUT","LTINTFORECAST","TOT","PC_PA","Q","2021-Q3",-0.143733333333333,
"AUT","LTINTFORECAST","TOT","PC_PA","Q","2021-Q4",0.00980000000000009,
"AUT","LTINTFORECAST","TOT","PC_PA","Q","2022-Q1",0.480366666666667,
"AUT","LTINTFORECAST","TOT","PC_PA","Q","2022-Q2",1.6309,
"AUT","LTINTFORECAST","TOT","PC_PA","Q","2022-Q3",1.94693333333333,
"AUT","LTINTFORECAST","TOT","PC_PA","Q","2022-Q4",2.7864,
"AUT","LTINTFORECAST","TOT","PC_PA","Q","2023-Q1",2.97033333333333,
"AUT","LTINTFORECAST","TOT","PC_PA","Q","2023-Q2",3.164764822,
"AUT","LTINTFORECAST","TOT","PC_PA","Q","2023-Q3",3.474764822,
"AUT","LTINTFORECAST","TOT","PC_PA","Q","2023-Q4",3.684764822,
"BEL","LTINTFORECAST","TOT","PC_PA","Q","2020-Q1",-0.0599999999999995,
"BEL","LTINTFORECAST","TOT","PC_PA","Q","2020-Q2",0.046666666666666,
"BEL","LTINTFORECAST","TOT","PC_PA","Q","2020-Q3",-0.21,
"BEL","LTINTFORECAST","TOT","PC_PA","Q","2020-Q4",-0.37,
"BEL","LTINTFORECAST","TOT","PC_PA","Q","2021-Q1",-0.203333333333333,
"BEL","LTINTFORECAST","TOT","PC_PA","Q","2021-Q2",0.113333333333333,
"BEL","LTINTFORECAST","TOT","PC_PA","Q","2021-Q3",-0.053333333333333,
"BEL","LTINTFORECAST","TOT","PC_PA","Q","2021-Q4",0.0866666666666664,
"BEL","LTINTFORECAST","TOT","PC_PA","Q","2022-Q1",0.546666666666667,
"BEL","LTINTFORECAST","TOT","PC_PA","Q","2022-Q2",1.67,
"BEL","LTINTFORECAST","TOT","PC_PA","Q","2022-Q3",1.98666666666667,
"BEL","LTINTFORECAST","TOT","PC_PA","Q","2022-Q4",2.73,
"BEL","LTINTFORECAST","TOT","PC_PA","Q","2023-Q1",2.93,
"BEL","LTINTFORECAST","TOT","PC_PA","Q","2023-Q2",3.11443148866667,
"BEL","LTINTFORECAST","TOT","PC_PA","Q","2023-Q3",3.41443148866667,
"BEL","LTINTFORECAST","TOT","PC_PA","Q","2023-Q4",3.61443148866667,
"CAN","LTINTFORECAST","TOT","PC_PA","Q","2020-Q1",1.20203349282297,
"CAN","LTINTFORECAST","TOT","PC_PA","Q","2020-Q2",0.589835497835498,
"CAN","LTINTFORECAST","TOT","PC_PA","Q","2020-Q3",0.546462481962482,
"CAN","LTINTFORECAST","TOT","PC_PA","Q","2020-Q4",0.674103174603175,
"CAN","LTINTFORECAST","TOT","PC_PA","Q","2021-Q1",1.13383180778032,
"CAN","LTINTFORECAST","TOT","PC_PA","Q","2021-Q2",1.48839682539683,
"CAN","LTINTFORECAST","TOT","PC_PA","Q","2021-Q3",1.23544444444444,
"CAN","LTINTFORECAST","TOT","PC_PA","Q","2021-Q4",1.57757142857143,
"CAN","LTINTFORECAST","TOT","PC_PA","Q","2022-Q1",1.92354919908467,
"CAN","LTINTFORECAST","TOT","PC_PA","Q","2022-Q2",2.97934199134199,
"CAN","LTINTFORECAST","TOT","PC_PA","Q","2022-Q3",3.00869696969697,
"CAN","LTINTFORECAST","TOT","PC_PA","Q","2022-Q4",3.16273015873016,
"CAN","LTINTFORECAST","TOT","PC_PA","Q","2023-Q1",3.03510261160147,
"CAN","LTINTFORECAST","TOT","PC_PA","Q","2023-Q2",3.03510261160147,
"CAN","LTINTFORECAST","TOT","PC_PA","Q","2023-Q3",3.03510261160147,
"CAN","LTINTFORECAST","TOT","PC_PA","Q","2023-Q4",3.03510261160147,
"CZE","LTINTFORECAST","TOT","PC_PA","Q","2020-Q1",1.45666666666667,
"CZE","LTINTFORECAST","TOT","PC_PA","Q","2020-Q2",1.02,
"CZE","LTINTFORECAST","TOT","PC_PA","Q","2020-Q3",0.93,
"CZE","LTINTFORECAST","TOT","PC_PA","Q","2020-Q4",1.10666666666667,
"CZE","LTINTFORECAST","TOT","PC_PA","Q","2021-Q1",1.54666666666667,
"CZE","LTINTFORECAST","TOT","PC_PA","Q","2021-Q2",1.75666666666667,
"CZE","LTINTFORECAST","TOT","PC_PA","Q","2021-Q3",1.78666666666667,
"CZE","LTINTFORECAST","TOT","PC_PA","Q","2021-Q4",2.52666666666667,
"CZE","LTINTFORECAST","TOT","PC_PA","Q","2022-Q1",3.22666666666667,
"CZE","LTINTFORECAST","TOT","PC_PA","Q","2022-Q2",4.58,
"CZE","LTINTFORECAST","TOT","PC_PA","Q","2022-Q3",4.41,
"CZE","LTINTFORECAST","TOT","PC_PA","Q","2022-Q4",5.11333333333333,
"CZE","LTINTFORECAST","TOT","PC_PA","Q","2023-Q1",4.58333333333333,
"CZE","LTINTFORECAST","TOT","PC_PA","Q","2023-Q2",4.58333333333333,
"CZE","LTINTFORECAST","TOT","PC_PA","Q","2023-Q3",4.58333333333333,
"CZE","LTINTFORECAST","TOT","PC_PA","Q","2023-Q4",4.58,
"DNK","LTINTFORECAST","TOT","PC_PA","Q","2020-Q1",-0.359666666666667,
"DNK","LTINTFORECAST","TOT","PC_PA","Q","2020-Q2",-0.254,
"DNK","LTINTFORECAST","TOT","PC_PA","Q","2020-Q3",-0.361,
"DNK","LTINTFORECAST","TOT","PC_PA","Q","2020-Q4",-0.462333333333333,
"DNK","LTINTFORECAST","TOT","PC_PA","Q","2021-Q1",-0.251333333333333,
"DNK","LTINTFORECAST","TOT","PC_PA","Q","2021-Q2",0.074,
"DNK","LTINTFORECAST","TOT","PC_PA","Q","2021-Q3",-0.073,
"DNK","LTINTFORECAST","TOT","PC_PA","Q","2021-Q4",0.007,
"DNK","LTINTFORECAST","TOT","PC_PA","Q","2022-Q1",0.379,
"DNK","LTINTFORECAST","TOT","PC_PA","Q","2022-Q2",1.391,
"DNK","LTINTFORECAST","TOT","PC_PA","Q","2022-Q3",1.72033333333333,
"DNK","LTINTFORECAST","TOT","PC_PA","Q","2022-Q4",2.42066666666667,
"DNK","LTINTFORECAST","TOT","PC_PA","Q","2023-Q1",2.50966666666667,
"DNK","LTINTFORECAST","TOT","PC_PA","Q","2023-Q2",2.69,
"DNK","LTINTFORECAST","TOT","PC_PA","Q","2023-Q3",2.99,
"DNK","LTINTFORECAST","TOT","PC_PA","Q","2023-Q4",3.19,
"FIN","LTINTFORECAST","TOT","PC_PA","Q","2020-Q1",-0.14,
"FIN","LTINTFORECAST","TOT","PC_PA","Q","2020-Q2",-0.086666666666667,
"FIN","LTINTFORECAST","TOT","PC_PA","Q","2020-Q3",-0.253333333333333,
"FIN","LTINTFORECAST","TOT","PC_PA","Q","2020-Q4",-0.396666666666667,
"FIN","LTINTFORECAST","TOT","PC_PA","Q","2021-Q1",-0.239978177,
"FIN","LTINTFORECAST","TOT","PC_PA","Q","2021-Q2",-0.0159255556666667,
"FIN","LTINTFORECAST","TOT","PC_PA","Q","2021-Q3",-0.131515151333333,
"FIN","LTINTFORECAST","TOT","PC_PA","Q","2021-Q4",0.00711473700000009,
"FIN","LTINTFORECAST","TOT","PC_PA","Q","2022-Q1",0.468575797,
"FIN","LTINTFORECAST","TOT","PC_PA","Q","2022-Q2",1.567079365,
"FIN","LTINTFORECAST","TOT","PC_PA","Q","2022-Q3",1.91986595166667,
"FIN","LTINTFORECAST","TOT","PC_PA","Q","2022-Q4",2.76409251066667,
"FIN","LTINTFORECAST","TOT","PC_PA","Q","2023-Q1",2.897998813,
"FIN","LTINTFORECAST","TOT","PC_PA","Q","2023-Q2",3.08243030166667,
"FIN","LTINTFORECAST","TOT","PC_PA","Q","2023-Q3",3.38243030166667,
"FIN","LTINTFORECAST","TOT","PC_PA","Q","2023-Q4",3.58243030166667,
"FRA","LTINTFORECAST","TOT","PC_PA","Q","2020-Q1",-0.0808666666666668,
"FRA","LTINTFORECAST","TOT","PC_PA","Q","2020-Q2",-0.00543333333333362,
"FRA","LTINTFORECAST","TOT","PC_PA","Q","2020-Q3",-0.175433333333333,
"FRA","LTINTFORECAST","TOT","PC_PA","Q","2020-Q4",-0.319333333333333,
"FRA","LTINTFORECAST","TOT","PC_PA","Q","2021-Q1",-0.175233333333333,
"FRA","LTINTFORECAST","TOT","PC_PA","Q","2021-Q2",0.118066666666667,
"FRA","LTINTFORECAST","TOT","PC_PA","Q","2021-Q3",-0.0267,
"FRA","LTINTFORECAST","TOT","PC_PA","Q","2021-Q4",0.113333333333333,
"FRA","LTINTFORECAST","TOT","PC_PA","Q","2022-Q1",0.59,
"FRA","LTINTFORECAST","TOT","PC_PA","Q","2022-Q2",1.62,
"FRA","LTINTFORECAST","TOT","PC_PA","Q","2022-Q3",1.93666666666667,
"FRA","LTINTFORECAST","TOT","PC_PA","Q","2022-Q4",2.65666666666667,
"FRA","LTINTFORECAST","TOT","PC_PA","Q","2023-Q1",2.82666666666667,
"FRA","LTINTFORECAST","TOT","PC_PA","Q","2023-Q2",3.01109815533333,
"FRA","LTINTFORECAST","TOT","PC_PA","Q","2023-Q3",3.31109815533333,
"FRA","LTINTFORECAST","TOT","PC_PA","Q","2023-Q4",3.51109815533333,
"DEU","LTINTFORECAST","TOT","PC_PA","Q","2020-Q1",-0.440333333333334,
"DEU","LTINTFORECAST","TOT","PC_PA","Q","2020-Q2",-0.466761904666667,
"DEU","LTINTFORECAST","TOT","PC_PA","Q","2020-Q3",-0.52348924,
"DEU","LTINTFORECAST","TOT","PC_PA","Q","2020-Q4",-0.613511544,
"DEU","LTINTFORECAST","TOT","PC_PA","Q","2021-Q1",-0.464594203,
"DEU","LTINTFORECAST","TOT","PC_PA","Q","2021-Q2",-0.279045454666667,
"DEU","LTINTFORECAST","TOT","PC_PA","Q","2021-Q3",-0.450909091,
"DEU","LTINTFORECAST","TOT","PC_PA","Q","2021-Q4",-0.300735930666667,
"DEU","LTINTFORECAST","TOT","PC_PA","Q","2022-Q1",0.105659075,
"DEU","LTINTFORECAST","TOT","PC_PA","Q","2022-Q2",1.048014354,
"DEU","LTINTFORECAST","TOT","PC_PA","Q","2022-Q3",1.30390237766667,
"DEU","LTINTFORECAST","TOT","PC_PA","Q","2022-Q4",2.11275613266667,
"DEU","LTINTFORECAST","TOT","PC_PA","Q","2023-Q1",2.31556851133333,
"DEU","LTINTFORECAST","TOT","PC_PA","Q","2023-Q2",2.5,
"DEU","LTINTFORECAST","TOT","PC_PA","Q","2023-Q3",2.8,
"DEU","LTINTFORECAST","TOT","PC_PA","Q","2023-Q4",3,
"GRC","LTINTFORECAST","TOT","PC_PA","Q","2020-Q1",1.46,
"GRC","LTINTFORECAST","TOT","PC_PA","Q","2020-Q2",1.76666666666666,
"GRC","LTINTFORECAST","TOT","PC_PA","Q","2020-Q3",1.1,
"GRC","LTINTFORECAST","TOT","PC_PA","Q","2020-Q4",0.76,
"GRC","LTINTFORECAST","TOT","PC_PA","Q","2021-Q1",0.79,
"GRC","LTINTFORECAST","TOT","PC_PA","Q","2021-Q2",0.893333333333333,
"GRC","LTINTFORECAST","TOT","PC_PA","Q","2021-Q3",0.69666666666667,
"GRC","LTINTFORECAST","TOT","PC_PA","Q","2021-Q4",1.15666666666666,
"GRC","LTINTFORECAST","TOT","PC_PA","Q","2022-Q1",2.23,
"GRC","LTINTFORECAST","TOT","PC_PA","Q","2022-Q2",3.45333333333333,
"GRC","LTINTFORECAST","TOT","PC_PA","Q","2022-Q3",3.76,
"GRC","LTINTFORECAST","TOT","PC_PA","Q","2022-Q4",4.50333333333334,
"GRC","LTINTFORECAST","TOT","PC_PA","Q","2023-Q1",4.28,
"GRC","LTINTFORECAST","TOT","PC_PA","Q","2023-Q2",4.2,
"GRC","LTINTFORECAST","TOT","PC_PA","Q","2023-Q3",4.3,
"GRC","LTINTFORECAST","TOT","PC_PA","Q","2023-Q4",4.5,
"HUN","LTINTFORECAST","TOT","PC_PA","Q","2020-Q1",2.22,
"HUN","LTINTFORECAST","TOT","PC_PA","Q","2020-Q2",2.22,
"HUN","LTINTFORECAST","TOT","PC_PA","Q","2020-Q3",2.26666666666667,
"HUN","LTINTFORECAST","TOT","PC_PA","Q","2020-Q4",2.19333333333333,
"HUN","LTINTFORECAST","TOT","PC_PA","Q","2021-Q1",2.44333333333333,
"HUN","LTINTFORECAST","TOT","PC_PA","Q","2021-Q2",2.82666666666667,
"HUN","LTINTFORECAST","TOT","PC_PA","Q","2021-Q3",2.92,
"HUN","LTINTFORECAST","TOT","PC_PA","Q","2021-Q4",4.05333333333333,
"HUN","LTINTFORECAST","TOT","PC_PA","Q","2022-Q1",5.16333333333333,
"HUN","LTINTFORECAST","TOT","PC_PA","Q","2022-Q2",7.24666666666667,
"HUN","LTINTFORECAST","TOT","PC_PA","Q","2022-Q3",8.64333333333333,
"HUN","LTINTFORECAST","TOT","PC_PA","Q","2022-Q4",9.23,
"HUN","LTINTFORECAST","TOT","PC_PA","Q","2023-Q1",8.17666666666667,
"HUN","LTINTFORECAST","TOT","PC_PA","Q","2023-Q2",8.17666666666667,
"HUN","LTINTFORECAST","TOT","PC_PA","Q","2023-Q3",8.17666666666667,
"HUN","LTINTFORECAST","TOT","PC_PA","Q","2023-Q4",8.17666666666667,
"ISL","LTINTFORECAST","TOT","PC_PA","Q","2020-Q1",2.78,
"ISL","LTINTFORECAST","TOT","PC_PA","Q","2020-Q2",2.09,
"ISL","LTINTFORECAST","TOT","PC_PA","Q","2020-Q3",2.34666666666667,
"ISL","LTINTFORECAST","TOT","PC_PA","Q","2020-Q4",2.65,
"ISL","LTINTFORECAST","TOT","PC_PA","Q","2021-Q1",2.99333333333334,
"ISL","LTINTFORECAST","TOT","PC_PA","Q","2021-Q2",3.28,
"ISL","LTINTFORECAST","TOT","PC_PA","Q","2021-Q3",3.39,
"ISL","LTINTFORECAST","TOT","PC_PA","Q","2021-Q4",3.88666666666667,
"ISL","LTINTFORECAST","TOT","PC_PA","Q","2022-Q1",4.69,
"ISL","LTINTFORECAST","TOT","PC_PA","Q","2022-Q2",5.47333333333333,
"ISL","LTINTFORECAST","TOT","PC_PA","Q","2022-Q3",6.5,
"ISL","LTINTFORECAST","TOT","PC_PA","Q","2022-Q4",6.75,
"ISL","LTINTFORECAST","TOT","PC_PA","Q","2023-Q1",7.5,
"ISL","LTINTFORECAST","TOT","PC_PA","Q","2023-Q2",7.75,
"ISL","LTINTFORECAST","TOT","PC_PA","Q","2023-Q3",8,
"ISL","LTINTFORECAST","TOT","PC_PA","Q","2023-Q4",8,
"IRL","LTINTFORECAST","TOT","PC_PA","Q","2020-Q1",-0.0190000000000001,
"IRL","LTINTFORECAST","TOT","PC_PA","Q","2020-Q2",0.130633333333333,
"IRL","LTINTFORECAST","TOT","PC_PA","Q","2020-Q3",-0.0989333333333334,
"IRL","LTINTFORECAST","TOT","PC_PA","Q","2020-Q4",-0.254566666666666,
"IRL","LTINTFORECAST","TOT","PC_PA","Q","2021-Q1",-0.0897666666666667,
"IRL","LTINTFORECAST","TOT","PC_PA","Q","2021-Q2",0.165966666666667,
"IRL","LTINTFORECAST","TOT","PC_PA","Q","2021-Q3",0.00650000000000001,
"IRL","LTINTFORECAST","TOT","PC_PA","Q","2021-Q4",0.169933333333333,
"IRL","LTINTFORECAST","TOT","PC_PA","Q","2022-Q1",0.6949,
"IRL","LTINTFORECAST","TOT","PC_PA","Q","2022-Q2",1.71953333333333,
"IRL","LTINTFORECAST","TOT","PC_PA","Q","2022-Q3",1.95816666666667,
"IRL","LTINTFORECAST","TOT","PC_PA","Q","2022-Q4",2.60986666666667,
"IRL","LTINTFORECAST","TOT","PC_PA","Q","2023-Q1",2.7893,
"IRL","LTINTFORECAST","TOT","PC_PA","Q","2023-Q2",2.97373148866667,
"IRL","LTINTFORECAST","TOT","PC_PA","Q","2023-Q3",3.27373148866667,
"IRL","LTINTFORECAST","TOT","PC_PA","Q","2023-Q4",3.47373148866667,
"JPN","LTINTFORECAST","TOT","PC_PA","Q","2020-Q1",-0.0334811660079052,
"JPN","LTINTFORECAST","TOT","PC_PA","Q","2020-Q2",0.00118167388167388,
"JPN","LTINTFORECAST","TOT","PC_PA","Q","2020-Q3",0.0239315891837631,
"JPN","LTINTFORECAST","TOT","PC_PA","Q","2020-Q4",0.020051957462827,
"JPN","LTINTFORECAST","TOT","PC_PA","Q","2021-Q1",0.0713180469289165,
"JPN","LTINTFORECAST","TOT","PC_PA","Q","2021-Q2",0.0740725108225108,
"JPN","LTINTFORECAST","TOT","PC_PA","Q","2021-Q3",0.0239045454545455,
"JPN","LTINTFORECAST","TOT","PC_PA","Q","2021-Q4",0.0669795282012673,
"JPN","LTINTFORECAST","TOT","PC_PA","Q","2022-Q1",0.173341818495514,
"JPN","LTINTFORECAST","TOT","PC_PA","Q","2022-Q2",0.236558441558442,
"JPN","LTINTFORECAST","TOT","PC_PA","Q","2022-Q3",0.209099620427881,
"JPN","LTINTFORECAST","TOT","PC_PA","Q","2022-Q4",0.271296031746032,
"JPN","LTINTFORECAST","TOT","PC_PA","Q","2023-Q1",0.395496561264822,
"JPN","LTINTFORECAST","TOT","PC_PA","Q","2023-Q2",0.395496561264822,
"JPN","LTINTFORECAST","TOT","PC_PA","Q","2023-Q3",0.520496561264822,
"JPN","LTINTFORECAST","TOT","PC_PA","Q","2023-Q4",0.645496561264822,
"KOR","LTINTFORECAST","TOT","PC_PA","Q","2020-Q1",1.56033333333333,
"KOR","LTINTFORECAST","TOT","PC_PA","Q","2020-Q2",1.43,
"KOR","LTINTFORECAST","TOT","PC_PA","Q","2020-Q3",1.411,
"KOR","LTINTFORECAST","TOT","PC_PA","Q","2020-Q4",1.59733333333333,
"KOR","LTINTFORECAST","TOT","PC_PA","Q","2021-Q1",1.872,
"KOR","LTINTFORECAST","TOT","PC_PA","Q","2021-Q2",2.09166666666667,
"KOR","LTINTFORECAST","TOT","PC_PA","Q","2021-Q3",1.98066666666667,
"KOR","LTINTFORECAST","TOT","PC_PA","Q","2021-Q4",2.31366666666667,
"KOR","LTINTFORECAST","TOT","PC_PA","Q","2022-Q1",2.65533333333333,
"KOR","LTINTFORECAST","TOT","PC_PA","Q","2022-Q2",3.38466666666667,
"KOR","LTINTFORECAST","TOT","PC_PA","Q","2022-Q3",3.50633333333333,
"KOR","LTINTFORECAST","TOT","PC_PA","Q","2022-Q4",3.90766666666667,
"KOR","LTINTFORECAST","TOT","PC_PA","Q","2023-Q1",3.43633333333334,
"KOR","LTINTFORECAST","TOT","PC_PA","Q","2023-Q2",3.68633333333334,
"KOR","LTINTFORECAST","TOT","PC_PA","Q","2023-Q3",3.93633333333334,
"KOR","LTINTFORECAST","TOT","PC_PA","Q","2023-Q4",3.93633333333334,
"LUX","LTINTFORECAST","TOT","PC_PA","Q","2020-Q1",-0.348000000000001,
"LUX","LTINTFORECAST","TOT","PC_PA","Q","2020-Q2",-0.304,
"LUX","LTINTFORECAST","TOT","PC_PA","Q","2020-Q3",-0.460333333333334,
"LUX","LTINTFORECAST","TOT","PC_PA","Q","2020-Q4",-0.542,
"LUX","LTINTFORECAST","TOT","PC_PA","Q","2021-Q1",-0.460666666666667,
"LUX","LTINTFORECAST","TOT","PC_PA","Q","2021-Q2",-0.341333333333334,
"LUX","LTINTFORECAST","TOT","PC_PA","Q","2021-Q3",-0.415,
"LUX","LTINTFORECAST","TOT","PC_PA","Q","2021-Q4",-0.209333333333334,
"LUX","LTINTFORECAST","TOT","PC_PA","Q","2022-Q1",0.302666666666667,
"LUX","LTINTFORECAST","TOT","PC_PA","Q","2022-Q2",1.735,
"LUX","LTINTFORECAST","TOT","PC_PA","Q","2022-Q3",2.082,
"LUX","LTINTFORECAST","TOT","PC_PA","Q","2022-Q4",2.79033333333333,
"LUX","LTINTFORECAST","TOT","PC_PA","Q","2023-Q1",2.86066666666667,
"LUX","LTINTFORECAST","TOT","PC_PA","Q","2023-Q2",3.04509815533333,
"LUX","LTINTFORECAST","TOT","PC_PA","Q","2023-Q3",3.34509815533333,
"LUX","LTINTFORECAST","TOT","PC_PA","Q","2023-Q4",3.54509815533333,
"MEX","LTINTFORECAST","TOT","PC_PA","Q","2020-Q1",6.62134764166667,
"MEX","LTINTFORECAST","TOT","PC_PA","Q","2020-Q2",6.64613881266667,
"MEX","LTINTFORECAST","TOT","PC_PA","Q","2020-Q3",5.75333333333333,
"MEX","LTINTFORECAST","TOT","PC_PA","Q","2020-Q4",6.06697148466667,
"MEX","LTINTFORECAST","TOT","PC_PA","Q","2021-Q1",6.09113749033333,
"MEX","LTINTFORECAST","TOT","PC_PA","Q","2021-Q2",6.53259532766667,
"MEX","LTINTFORECAST","TOT","PC_PA","Q","2021-Q3",6.73676133333333,
"MEX","LTINTFORECAST","TOT","PC_PA","Q","2021-Q4",7.57333333333333,
"MEX","LTINTFORECAST","TOT","PC_PA","Q","2022-Q1",7.520927339,
"MEX","LTINTFORECAST","TOT","PC_PA","Q","2022-Q2",8.98333333333333,
"MEX","LTINTFORECAST","TOT","PC_PA","Q","2022-Q3",8.026551182,
"MEX","LTINTFORECAST","TOT","PC_PA","Q","2022-Q4",9.40333333333333,
"MEX","LTINTFORECAST","TOT","PC_PA","Q","2023-Q1",10.15,
"MEX","LTINTFORECAST","TOT","PC_PA","Q","2023-Q2",10.15,
"MEX","LTINTFORECAST","TOT","PC_PA","Q","2023-Q3",10.15,
"MEX","LTINTFORECAST","TOT","PC_PA","Q","2023-Q4",10.15,
"NLD","LTINTFORECAST","TOT","PC_PA","Q","2020-Q1",-0.277000000000001,
"NLD","LTINTFORECAST","TOT","PC_PA","Q","2020-Q2",-0.274333333333334,
"NLD","LTINTFORECAST","TOT","PC_PA","Q","2020-Q3",-0.414333333333333,
"NLD","LTINTFORECAST","TOT","PC_PA","Q","2020-Q4",-0.541333333333333,
"NLD","LTINTFORECAST","TOT","PC_PA","Q","2021-Q1",-0.418333333333333,
"NLD","LTINTFORECAST","TOT","PC_PA","Q","2021-Q2",-0.239333333333333,
"NLD","LTINTFORECAST","TOT","PC_PA","Q","2021-Q3",-0.4,
"NLD","LTINTFORECAST","TOT","PC_PA","Q","2021-Q4",-0.254666666666667,
"NLD","LTINTFORECAST","TOT","PC_PA","Q","2022-Q1",0.160666666666667,
"NLD","LTINTFORECAST","TOT","PC_PA","Q","2022-Q2",1.24233333333333,
"NLD","LTINTFORECAST","TOT","PC_PA","Q","2022-Q3",1.67433333333333,
"NLD","LTINTFORECAST","TOT","PC_PA","Q","2022-Q4",2.43333333333333,
"NLD","LTINTFORECAST","TOT","PC_PA","Q","2023-Q1",2.645,
"NLD","LTINTFORECAST","TOT","PC_PA","Q","2023-Q2",2.82943148866667,
"NLD","LTINTFORECAST","TOT","PC_PA","Q","2023-Q3",3.12943148866667,
"NLD","LTINTFORECAST","TOT","PC_PA","Q","2023-Q4",3.32943148866667,
"NZL","LTINTFORECAST","TOT","PC_PA","Q","2020-Q1",1.28,
"NZL","LTINTFORECAST","TOT","PC_PA","Q","2020-Q2",0.83,
"NZL","LTINTFORECAST","TOT","PC_PA","Q","2020-Q3",0.716666666666667,
"NZL","LTINTFORECAST","TOT","PC_PA","Q","2020-Q4",0.736666666666667,
"NZL","LTINTFORECAST","TOT","PC_PA","Q","2021-Q1",1.42,
"NZL","LTINTFORECAST","TOT","PC_PA","Q","2021-Q2",1.75,
"NZL","LTINTFORECAST","TOT","PC_PA","Q","2021-Q3",1.70333333333333,
"NZL","LTINTFORECAST","TOT","PC_PA","Q","2021-Q4",2.38666666666667,
"NZL","LTINTFORECAST","TOT","PC_PA","Q","2022-Q1",2.79,
"NZL","LTINTFORECAST","TOT","PC_PA","Q","2022-Q2",3.69666666666667,
"NZL","LTINTFORECAST","TOT","PC_PA","Q","2022-Q3",3.77,
"NZL","LTINTFORECAST","TOT","PC_PA","Q","2022-Q4",4.3,
"NZL","LTINTFORECAST","TOT","PC_PA","Q","2023-Q1",4.26666666666667,
"NZL","LTINTFORECAST","TOT","PC_PA","Q","2023-Q2",4.85275882682069,
"NZL","LTINTFORECAST","TOT","PC_PA","Q","2023-Q3",5.50874372418042,
"NZL","LTINTFORECAST","TOT","PC_PA","Q","2023-Q4",5.77183078688945,
"NOR","LTINTFORECAST","TOT","PC_PA","Q","2020-Q1",1.22333333333333,
"NOR","LTINTFORECAST","TOT","PC_PA","Q","2020-Q2",0.606666666666667,
"NOR","LTINTFORECAST","TOT","PC_PA","Q","2020-Q3",0.65,
"NOR","LTINTFORECAST","TOT","PC_PA","Q","2020-Q4",0.79,
"NOR","LTINTFORECAST","TOT","PC_PA","Q","2021-Q1",1.25,
"NOR","LTINTFORECAST","TOT","PC_PA","Q","2021-Q2",1.45333333333333,
"NOR","LTINTFORECAST","TOT","PC_PA","Q","2021-Q3",1.60222222222222,
"NOR","LTINTFORECAST","TOT","PC_PA","Q","2021-Q4",1.86444444444444,
"NOR","LTINTFORECAST","TOT","PC_PA","Q","2022-Q1",2.08666666666667,
"NOR","LTINTFORECAST","TOT","PC_PA","Q","2022-Q2",2.22,
"NOR","LTINTFORECAST","TOT","PC_PA","Q","2022-Q3",3.01777777777779,
"NOR","LTINTFORECAST","TOT","PC_PA","Q","2022-Q4",3.46222222222222,
"NOR","LTINTFORECAST","TOT","PC_PA","Q","2023-Q1",3.67,
"NOR","LTINTFORECAST","TOT","PC_PA","Q","2023-Q2",3.85333333333333,
"NOR","LTINTFORECAST","TOT","PC_PA","Q","2023-Q3",4.10333333333333,
"NOR","LTINTFORECAST","TOT","PC_PA","Q","2023-Q4",4.34,
"POL","LTINTFORECAST","TOT","PC_PA","Q","2020-Q1",2.04,
"POL","LTINTFORECAST","TOT","PC_PA","Q","2020-Q2",1.37333333333333,
"POL","LTINTFORECAST","TOT","PC_PA","Q","2020-Q3",1.33333333333333,
"POL","LTINTFORECAST","TOT","PC_PA","Q","2020-Q4",1.25,
"POL","LTINTFORECAST","TOT","PC_PA","Q","2021-Q1",1.34,
"POL","LTINTFORECAST","TOT","PC_PA","Q","2021-Q2",1.71666666666667,
"POL","LTINTFORECAST","TOT","PC_PA","Q","2021-Q3",1.69333333333333,
"POL","LTINTFORECAST","TOT","PC_PA","Q","2021-Q4",3.02666666666667,
"POL","LTINTFORECAST","TOT","PC_PA","Q","2022-Q1",4.26,
"POL","LTINTFORECAST","TOT","PC_PA","Q","2022-Q2",6.58,
"POL","LTINTFORECAST","TOT","PC_PA","Q","2022-Q3",6.15,
"POL","LTINTFORECAST","TOT","PC_PA","Q","2022-Q4",7.22333333333333,
"POL","LTINTFORECAST","TOT","PC_PA","Q","2023-Q1",6.11333333333333,
"POL","LTINTFORECAST","TOT","PC_PA","Q","2023-Q2",6,
"POL","LTINTFORECAST","TOT","PC_PA","Q","2023-Q3",5.91,
"POL","LTINTFORECAST","TOT","PC_PA","Q","2023-Q4",5.81,
"PRT","LTINTFORECAST","TOT","PC_PA","Q","2020-Q1",0.443333333333334,
"PRT","LTINTFORECAST","TOT","PC_PA","Q","2020-Q2",0.77,
"PRT","LTINTFORECAST","TOT","PC_PA","Q","2020-Q3",0.36,
"PRT","LTINTFORECAST","TOT","PC_PA","Q","2020-Q4",0.093333333333333,
"PRT","LTINTFORECAST","TOT","PC_PA","Q","2021-Q1",0.14,
"PRT","LTINTFORECAST","TOT","PC_PA","Q","2021-Q2",0.436666666666666,
"PRT","LTINTFORECAST","TOT","PC_PA","Q","2021-Q3",0.223333333333333,
"PRT","LTINTFORECAST","TOT","PC_PA","Q","2021-Q4",0.380000000000001,
"PRT","LTINTFORECAST","TOT","PC_PA","Q","2022-Q1",0.933333333333333,
"PRT","LTINTFORECAST","TOT","PC_PA","Q","2022-Q2",2.18333333333333,
"PRT","LTINTFORECAST","TOT","PC_PA","Q","2022-Q3",2.43666666666667,
"PRT","LTINTFORECAST","TOT","PC_PA","Q","2022-Q4",3.12666666666667,
"PRT","LTINTFORECAST","TOT","PC_PA","Q","2023-Q1",3.22333333333333,
"PRT","LTINTFORECAST","TOT","PC_PA","Q","2023-Q2",3.407764822,
"PRT","LTINTFORECAST","TOT","PC_PA","Q","2023-Q3",3.707764822,
"PRT","LTINTFORECAST","TOT","PC_PA","Q","2023-Q4",3.907764822,
"SVK","LTINTFORECAST","TOT","PC_PA","Q","2020-Q1",0.0555863333333335,
"SVK","LTINTFORECAST","TOT","PC_PA","Q","2020-Q2",0.430520333333333,
"SVK","LTINTFORECAST","TOT","PC_PA","Q","2020-Q3",-0.2174,
"SVK","LTINTFORECAST","TOT","PC_PA","Q","2020-Q4",-0.421857666666667,
"SVK","LTINTFORECAST","TOT","PC_PA","Q","2021-Q1",-0.223897333333333,
"SVK","LTINTFORECAST","TOT","PC_PA","Q","2021-Q2",0.0128413333333333,
"SVK","LTINTFORECAST","TOT","PC_PA","Q","2021-Q3",-0.154328333333333,
"SVK","LTINTFORECAST","TOT","PC_PA","Q","2021-Q4",0.0444436666666664,
"SVK","LTINTFORECAST","TOT","PC_PA","Q","2022-Q1",0.65265,
"SVK","LTINTFORECAST","TOT","PC_PA","Q","2022-Q2",1.92540266666667,
"SVK","LTINTFORECAST","TOT","PC_PA","Q","2022-Q3",2.348065,
"SVK","LTINTFORECAST","TOT","PC_PA","Q","2022-Q4",3.37010066666667,
"SVK","LTINTFORECAST","TOT","PC_PA","Q","2023-Q1",3.41109833333333,
"SVK","LTINTFORECAST","TOT","PC_PA","Q","2023-Q2",3.8,
"SVK","LTINTFORECAST","TOT","PC_PA","Q","2023-Q3",4.1,
"SVK","LTINTFORECAST","TOT","PC_PA","Q","2023-Q4",4.3,
"ESP","LTINTFORECAST","TOT","PC_PA","Q","2020-Q1",0.40079393939394,
"ESP","LTINTFORECAST","TOT","PC_PA","Q","2020-Q2",0.695533477633473,
"ESP","LTINTFORECAST","TOT","PC_PA","Q","2020-Q3",0.319430171277997,
"ESP","LTINTFORECAST","TOT","PC_PA","Q","2020-Q4",0.102152958152958,
"ESP","LTINTFORECAST","TOT","PC_PA","Q","2021-Q1",0.204469565217392,
"ESP","LTINTFORECAST","TOT","PC_PA","Q","2021-Q2",0.443107142857143,
"ESP","LTINTFORECAST","TOT","PC_PA","Q","2021-Q3",0.293757575757576,
"ESP","LTINTFORECAST","TOT","PC_PA","Q","2021-Q4",0.453666666666668,
"ESP","LTINTFORECAST","TOT","PC_PA","Q","2022-Q1",1.00067387853692,
"ESP","LTINTFORECAST","TOT","PC_PA","Q","2022-Q2",2.12977910685806,
"ESP","LTINTFORECAST","TOT","PC_PA","Q","2022-Q3",2.48705103833365,
"ESP","LTINTFORECAST","TOT","PC_PA","Q","2022-Q4",3.17673015873016,
"ESP","LTINTFORECAST","TOT","PC_PA","Q","2023-Q1",3.35160777338603,
"ESP","LTINTFORECAST","TOT","PC_PA","Q","2023-Q2",3.5360392620527,
"ESP","LTINTFORECAST","TOT","PC_PA","Q","2023-Q3",3.8360392620527,
"ESP","LTINTFORECAST","TOT","PC_PA","Q","2023-Q4",4.0360392620527,
"SWE","LTINTFORECAST","TOT","PC_PA","Q","2020-Q1",-0.0359333333333333,
"SWE","LTINTFORECAST","TOT","PC_PA","Q","2020-Q2",-0.0429333333333333,
"SWE","LTINTFORECAST","TOT","PC_PA","Q","2020-Q3",-0.0653666666666667,
"SWE","LTINTFORECAST","TOT","PC_PA","Q","2020-Q4",-0.00783333333333333,
"SWE","LTINTFORECAST","TOT","PC_PA","Q","2021-Q1",0.238633333333333,
"SWE","LTINTFORECAST","TOT","PC_PA","Q","2021-Q2",0.3843,
"SWE","LTINTFORECAST","TOT","PC_PA","Q","2021-Q3",0.186833333333333,
"SWE","LTINTFORECAST","TOT","PC_PA","Q","2021-Q4",0.261766666666667,
"SWE","LTINTFORECAST","TOT","PC_PA","Q","2022-Q1",0.5956,
"SWE","LTINTFORECAST","TOT","PC_PA","Q","2022-Q2",1.70006666666667,
"SWE","LTINTFORECAST","TOT","PC_PA","Q","2022-Q3",1.73886666666667,
"SWE","LTINTFORECAST","TOT","PC_PA","Q","2022-Q4",2.0604,
"SWE","LTINTFORECAST","TOT","PC_PA","Q","2023-Q1",2.26726666666667,
"SWE","LTINTFORECAST","TOT","PC_PA","Q","2023-Q2",2.7,
"SWE","LTINTFORECAST","TOT","PC_PA","Q","2023-Q3",3.2,
"SWE","LTINTFORECAST","TOT","PC_PA","Q","2023-Q4",3.2,
"CHE","LTINTFORECAST","TOT","PC_PA","Q","2020-Q1",-0.632666666666667,
"CHE","LTINTFORECAST","TOT","PC_PA","Q","2020-Q2",-0.465666666666667,
"CHE","LTINTFORECAST","TOT","PC_PA","Q","2020-Q3",-0.479666666666667,
"CHE","LTINTFORECAST","TOT","PC_PA","Q","2020-Q4",-0.517333333333333,
"CHE","LTINTFORECAST","TOT","PC_PA","Q","2021-Q1",-0.316666666666667,
"CHE","LTINTFORECAST","TOT","PC_PA","Q","2021-Q2",-0.181333333333333,
"CHE","LTINTFORECAST","TOT","PC_PA","Q","2021-Q3",-0.295333333333333,
"CHE","LTINTFORECAST","TOT","PC_PA","Q","2021-Q4",-0.135666666666667,
"CHE","LTINTFORECAST","TOT","PC_PA","Q","2022-Q1",0.329333333333333,
"CHE","LTINTFORECAST","TOT","PC_PA","Q","2022-Q2",0.916666666666667,
"CHE","LTINTFORECAST","TOT","PC_PA","Q","2022-Q3",0.823333333333333,
"CHE","LTINTFORECAST","TOT","PC_PA","Q","2022-Q4",1.25,
"CHE","LTINTFORECAST","TOT","PC_PA","Q","2023-Q1",1.31333333333333,
"CHE","LTINTFORECAST","TOT","PC_PA","Q","2023-Q2",1.07,
"CHE","LTINTFORECAST","TOT","PC_PA","Q","2023-Q3",2.5,
"CHE","LTINTFORECAST","TOT","PC_PA","Q","2023-Q4",2.5,
"GBR","LTINTFORECAST","TOT","PC_PA","Q","2020-Q1",0.6058,
"GBR","LTINTFORECAST","TOT","PC_PA","Q","2020-Q2",0.303333333333333,
"GBR","LTINTFORECAST","TOT","PC_PA","Q","2020-Q3",0.251366666666667,
"GBR","LTINTFORECAST","TOT","PC_PA","Q","2020-Q4",0.337266666666667,
"GBR","LTINTFORECAST","TOT","PC_PA","Q","2021-Q1",0.611666666666667,
"GBR","LTINTFORECAST","TOT","PC_PA","Q","2021-Q2",0.870733333333333,
"GBR","LTINTFORECAST","TOT","PC_PA","Q","2021-Q3",0.714733333333333,
"GBR","LTINTFORECAST","TOT","PC_PA","Q","2021-Q4",0.9533,
"GBR","LTINTFORECAST","TOT","PC_PA","Q","2022-Q1",1.4133,
"GBR","LTINTFORECAST","TOT","PC_PA","Q","2022-Q2",2.04183333333333,
"GBR","LTINTFORECAST","TOT","PC_PA","Q","2022-Q3",2.65796666666667,
"GBR","LTINTFORECAST","TOT","PC_PA","Q","2022-Q4",3.67606666666667,
"GBR","LTINTFORECAST","TOT","PC_PA","Q","2023-Q1",3.54353333333333,
"GBR","LTINTFORECAST","TOT","PC_PA","Q","2023-Q2",4,
"GBR","LTINTFORECAST","TOT","PC_PA","Q","2023-Q3",4,
"GBR","LTINTFORECAST","TOT","PC_PA","Q","2023-Q4",4,
"USA","LTINTFORECAST","TOT","PC_PA","Q","2020-Q1",1.37666666666667,
"USA","LTINTFORECAST","TOT","PC_PA","Q","2020-Q2",0.686666666666667,
"USA","LTINTFORECAST","TOT","PC_PA","Q","2020-Q3",0.65,
"USA","LTINTFORECAST","TOT","PC_PA","Q","2020-Q4",0.863333333333334,
"USA","LTINTFORECAST","TOT","PC_PA","Q","2021-Q1",1.31666666666667,
"USA","LTINTFORECAST","TOT","PC_PA","Q","2021-Q2",1.59333333333333,
"USA","LTINTFORECAST","TOT","PC_PA","Q","2021-Q3",1.32333333333333,
"USA","LTINTFORECAST","TOT","PC_PA","Q","2021-Q4",1.53666666666667,
"USA","LTINTFORECAST","TOT","PC_PA","Q","2022-Q1",1.94,
"USA","LTINTFORECAST","TOT","PC_PA","Q","2022-Q2",2.93,
"USA","LTINTFORECAST","TOT","PC_PA","Q","2022-Q3",3.10666666666667,
"USA","LTINTFORECAST","TOT","PC_PA","Q","2022-Q4",3.83,
"USA","LTINTFORECAST","TOT","PC_PA","Q","2023-Q1",3.64666666666667,
"USA","LTINTFORECAST","TOT","PC_PA","Q","2023-Q2",3.9,
"USA","LTINTFORECAST","TOT","PC_PA","Q","2023-Q3",4.4,
"USA","LTINTFORECAST","TOT","PC_PA","Q","2023-Q4",4.9,
"CHL","LTINTFORECAST","TOT","PC_PA","Q","2020-Q1",3.40003551133333,
"CHL","LTINTFORECAST","TOT","PC_PA","Q","2020-Q2",2.62483936166667,
"CHL","LTINTFORECAST","TOT","PC_PA","Q","2020-Q3",2.50852609733333,
"CHL","LTINTFORECAST","TOT","PC_PA","Q","2020-Q4",2.660851615,
"CHL","LTINTFORECAST","TOT","PC_PA","Q","2021-Q1",2.84569307733333,
"CHL","LTINTFORECAST","TOT","PC_PA","Q","2021-Q2",3.84290099633333,
"CHL","LTINTFORECAST","TOT","PC_PA","Q","2021-Q3",4.80591091466667,
"CHL","LTINTFORECAST","TOT","PC_PA","Q","2021-Q4",5.95185538633333,
"CHL","LTINTFORECAST","TOT","PC_PA","Q","2022-Q1",5.93606380333333,
"CHL","LTINTFORECAST","TOT","PC_PA","Q","2022-Q2",6.53048797133333,
"CHL","LTINTFORECAST","TOT","PC_PA","Q","2022-Q3",6.656430962,
"CHL","LTINTFORECAST","TOT","PC_PA","Q","2022-Q4",5.91710665833333,
"CHL","LTINTFORECAST","TOT","PC_PA","Q","2023-Q1",5.52447789,
"CHL","LTINTFORECAST","TOT","PC_PA","Q","2023-Q2",5.52447789,
"CHL","LTINTFORECAST","TOT","PC_PA","Q","2023-Q3",5.52447789,
"CHL","LTINTFORECAST","TOT","PC_PA","Q","2023-Q4",5.52447789,
"IND","LTINTFORECAST","TOT","PC_PA","Q","2020-Q1",6.74203666666667,
"IND","LTINTFORECAST","TOT","PC_PA","Q","2020-Q2",6.10092666666667,
"IND","LTINTFORECAST","TOT","PC_PA","Q","2020-Q3",5.96638333333333,
"IND","LTINTFORECAST","TOT","PC_PA","Q","2020-Q4",5.90013,
"IND","LTINTFORECAST","TOT","PC_PA","Q","2021-Q1",6.2641,
"IND","LTINTFORECAST","TOT","PC_PA","Q","2021-Q2",6.33597666666667,
"IND","LTINTFORECAST","TOT","PC_PA","Q","2021-Q3",6.29436333333333,
"IND","LTINTFORECAST","TOT","PC_PA","Q","2021-Q4",6.45923333333333,
"IND","LTINTFORECAST","TOT","PC_PA","Q","2022-Q1",6.79327333333333,
"IND","LTINTFORECAST","TOT","PC_PA","Q","2022-Q2",7.34352333333333,
"IND","LTINTFORECAST","TOT","PC_PA","Q","2022-Q3",7.36254,
"IND","LTINTFORECAST","TOT","PC_PA","Q","2022-Q4",7.36053666666667,
"ISR","LTINTFORECAST","TOT","PC_PA","Q","2020-Q1",0.866666666666667,
"ISR","LTINTFORECAST","TOT","PC_PA","Q","2020-Q2",0.783333333333333,
"ISR","LTINTFORECAST","TOT","PC_PA","Q","2020-Q3",0.66,
"ISR","LTINTFORECAST","TOT","PC_PA","Q","2020-Q4",0.8,
"ISR","LTINTFORECAST","TOT","PC_PA","Q","2021-Q1",0.976666666666667,
"ISR","LTINTFORECAST","TOT","PC_PA","Q","2021-Q2",1.14333333333333,
"ISR","LTINTFORECAST","TOT","PC_PA","Q","2021-Q3",1.03,
"ISR","LTINTFORECAST","TOT","PC_PA","Q","2021-Q4",1.31666666666667,
"ISR","LTINTFORECAST","TOT","PC_PA","Q","2022-Q1",1.76666666666667,
"ISR","LTINTFORECAST","TOT","PC_PA","Q","2022-Q2",2.63333333333333,
"ISR","LTINTFORECAST","TOT","PC_PA","Q","2022-Q3",2.76,
"ISR","LTINTFORECAST","TOT","PC_PA","Q","2022-Q4",3.31666666666667,
"ISR","LTINTFORECAST","TOT","PC_PA","Q","2023-Q1",3.58333333333333,
"ISR","LTINTFORECAST","TOT","PC_PA","Q","2023-Q2",4,
"ISR","LTINTFORECAST","TOT","PC_PA","Q","2023-Q3",4.25,
"ISR","LTINTFORECAST","TOT","PC_PA","Q","2023-Q4",4.25,
"ITA","LTINTFORECAST","TOT","PC_PA","Q","2020-Q1",1.26055666666667,
"ITA","LTINTFORECAST","TOT","PC_PA","Q","2020-Q2",1.67212333333333,
"ITA","LTINTFORECAST","TOT","PC_PA","Q","2020-Q3",1.06979666666667,
"ITA","LTINTFORECAST","TOT","PC_PA","Q","2020-Q4",0.67069,
"ITA","LTINTFORECAST","TOT","PC_PA","Q","2021-Q1",0.636686666666667,
"ITA","LTINTFORECAST","TOT","PC_PA","Q","2021-Q2",0.885576666666666,
"ITA","LTINTFORECAST","TOT","PC_PA","Q","2021-Q3",0.717433333333333,
"ITA","LTINTFORECAST","TOT","PC_PA","Q","2021-Q4",1.00362333333333,
"ITA","LTINTFORECAST","TOT","PC_PA","Q","2022-Q1",1.6646,
"ITA","LTINTFORECAST","TOT","PC_PA","Q","2022-Q2",3.0201656,
"ITA","LTINTFORECAST","TOT","PC_PA","Q","2022-Q3",3.59792928566667,
"ITA","LTINTFORECAST","TOT","PC_PA","Q","2022-Q4",4.34383666666667,
"ITA","LTINTFORECAST","TOT","PC_PA","Q","2023-Q1",4.25092666666667,
"ITA","LTINTFORECAST","TOT","PC_PA","Q","2023-Q2",4.43535815533334,
"ITA","LTINTFORECAST","TOT","PC_PA","Q","2023-Q3",4.73535815533333,
"ITA","LTINTFORECAST","TOT","PC_PA","Q","2023-Q4",4.93535815533334,
"ZAF","LTINTFORECAST","TOT","PC_PA","Q","2020-Q1",9.60127575757576,
"ZAF","LTINTFORECAST","TOT","PC_PA","Q","2020-Q2",10.4215756056809,
"ZAF","LTINTFORECAST","TOT","PC_PA","Q","2020-Q3",10.2224772256729,
"ZAF","LTINTFORECAST","TOT","PC_PA","Q","2020-Q4",10.0476406926407,
"ZAF","LTINTFORECAST","TOT","PC_PA","Q","2021-Q1",9.7679090909091,
"ZAF","LTINTFORECAST","TOT","PC_PA","Q","2021-Q2",9.79076023391815,
"ZAF","LTINTFORECAST","TOT","PC_PA","Q","2021-Q3",9.60518037518038,
"ZAF","LTINTFORECAST","TOT","PC_PA","Q","2021-Q4",9.99507936507936,
"ZAF","LTINTFORECAST","TOT","PC_PA","Q","2022-Q1",9.85928787878787,
"ZAF","LTINTFORECAST","TOT","PC_PA","Q","2022-Q2",10.4565873015873,
"ZAF","LTINTFORECAST","TOT","PC_PA","Q","2022-Q3",11.1988383838384,
"ZAF","LTINTFORECAST","TOT","PC_PA","Q","2022-Q4",11.4312352851827,
"ZAF","LTINTFORECAST","TOT","PC_PA","Q","2023-Q1",11.0709826839827,
"ZAF","LTINTFORECAST","TOT","PC_PA","Q","2023-Q2",11.2,
"ZAF","LTINTFORECAST","TOT","PC_PA","Q","2023-Q3",11.2,
"ZAF","LTINTFORECAST","TOT","PC_PA","Q","2023-Q4",11.2,
"SVN","LTINTFORECAST","TOT","PC_PA","Q","2020-Q1",0.0499999999999995,
"SVN","LTINTFORECAST","TOT","PC_PA","Q","2020-Q2",0.476666666666666,
"SVN","LTINTFORECAST","TOT","PC_PA","Q","2020-Q3",-0.030666666666666,
"SVN","LTINTFORECAST","TOT","PC_PA","Q","2020-Q4",-0.18,
"SVN","LTINTFORECAST","TOT","PC_PA","Q","2021-Q1",-0.04,
"SVN","LTINTFORECAST","TOT","PC_PA","Q","2021-Q2",0.126666666666666,
"SVN","LTINTFORECAST","TOT","PC_PA","Q","2021-Q3",0.033333333333334,
"SVN","LTINTFORECAST","TOT","PC_PA","Q","2021-Q4",0.163333333333333,
"SVN","LTINTFORECAST","TOT","PC_PA","Q","2022-Q1",0.713333333333334,
"SVN","LTINTFORECAST","TOT","PC_PA","Q","2022-Q2",1.82,
"SVN","LTINTFORECAST","TOT","PC_PA","Q","2022-Q3",1.83733333333333,
"SVN","LTINTFORECAST","TOT","PC_PA","Q","2022-Q4",3.19666666666667,
"SVN","LTINTFORECAST","TOT","PC_PA","Q","2023-Q1",3.39,
"SVN","LTINTFORECAST","TOT","PC_PA","Q","2023-Q2",3.57443148866667,
"SVN","LTINTFORECAST","TOT","PC_PA","Q","2023-Q3",3.87443148866667,
"SVN","LTINTFORECAST","TOT","PC_PA","Q","2023-Q4",4.07443148866667,
"LVA","LTINTFORECAST","TOT","PC_PA","Q","2020-Q1",0.00333333333333308,
"LVA","LTINTFORECAST","TOT","PC_PA","Q","2020-Q2",0.19,
"LVA","LTINTFORECAST","TOT","PC_PA","Q","2020-Q3",-0.186666666666667,
"LVA","LTINTFORECAST","TOT","PC_PA","Q","2020-Q4",-0.256666666666666,
"LVA","LTINTFORECAST","TOT","PC_PA","Q","2021-Q1",-0.246666666666667,
"LVA","LTINTFORECAST","TOT","PC_PA","Q","2021-Q2",-0.0433333333333334,
"LVA","LTINTFORECAST","TOT","PC_PA","Q","2021-Q3",0.0366666666666668,
"LVA","LTINTFORECAST","TOT","PC_PA","Q","2021-Q4",0.243333333333333,
"LVA","LTINTFORECAST","TOT","PC_PA","Q","2022-Q1",0.79,
"LVA","LTINTFORECAST","TOT","PC_PA","Q","2022-Q2",2.04333333333333,
"LVA","LTINTFORECAST","TOT","PC_PA","Q","2022-Q3",2.57333333333333,
"LVA","LTINTFORECAST","TOT","PC_PA","Q","2022-Q4",3.68333333333334,
"LVA","LTINTFORECAST","TOT","PC_PA","Q","2023-Q1",3.76333333333333,
"LVA","LTINTFORECAST","TOT","PC_PA","Q","2023-Q2",3.947764822,
"LVA","LTINTFORECAST","TOT","PC_PA","Q","2023-Q3",4.247764822,
"LVA","LTINTFORECAST","TOT","PC_PA","Q","2023-Q4",4.447764822,
"LTU","LTINTFORECAST","TOT","PC_PA","Q","2020-Q1",0.303417325428195,
"LTU","LTINTFORECAST","TOT","PC_PA","Q","2020-Q2",0.44416378066378,
"LTU","LTINTFORECAST","TOT","PC_PA","Q","2020-Q3",0.226691511387163,
"LTU","LTINTFORECAST","TOT","PC_PA","Q","2020-Q4",0.097994384842211,
"LTU","LTINTFORECAST","TOT","PC_PA","Q","2021-Q1",0.048271256038647,
"LTU","LTINTFORECAST","TOT","PC_PA","Q","2021-Q2",0.153122655122655,
"LTU","LTINTFORECAST","TOT","PC_PA","Q","2021-Q3",0.10019696969697,
"LTU","LTINTFORECAST","TOT","PC_PA","Q","2021-Q4",0.424694867933998,
"LTU","LTINTFORECAST","TOT","PC_PA","Q","2022-Q1",1.00589603174603,
"LTU","LTINTFORECAST","TOT","PC_PA","Q","2022-Q2",2.30833333333333,
"LTU","LTINTFORECAST","TOT","PC_PA","Q","2022-Q3",3.09177272727273,
"LTU","LTINTFORECAST","TOT","PC_PA","Q","2022-Q4",4.348,
"LTU","LTINTFORECAST","TOT","PC_PA","Q","2023-Q1",4.42533333333333,
"LTU","LTINTFORECAST","TOT","PC_PA","Q","2023-Q2",4.609764822,
"LTU","LTINTFORECAST","TOT","PC_PA","Q","2023-Q3",4.909764822,
"LTU","LTINTFORECAST","TOT","PC_PA","Q","2023-Q4",5.109764822,
"EA17","LTINTFORECAST","TOT","PC_PA","Q","2020-Q1",0.0756382144599157,
"EA17","LTINTFORECAST","TOT","PC_PA","Q","2020-Q2",0.190998526560279,
"EA17","LTINTFORECAST","TOT","PC_PA","Q","2020-Q3",-0.0383680106815216,
"EA17","LTINTFORECAST","TOT","PC_PA","Q","2020-Q4",-0.21733653461469,
"EA17","LTINTFORECAST","TOT","PC_PA","Q","2021-Q1",-0.104217329458449,
"EA17","LTINTFORECAST","TOT","PC_PA","Q","2021-Q2",0.129023612043747,
"EA17","LTINTFORECAST","TOT","PC_PA","Q","2021-Q3",-0.0298943528819553,
"EA17","LTINTFORECAST","TOT","PC_PA","Q","2021-Q4",0.145605902236438,
"EA17","LTINTFORECAST","TOT","PC_PA","Q","2022-Q1",0.643596959110588,
"EA17","LTINTFORECAST","TOT","PC_PA","Q","2022-Q2",1.7336516898521,
"EA17","LTINTFORECAST","TOT","PC_PA","Q","2022-Q3",2.07877823747673,
"EA17","LTINTFORECAST","TOT","PC_PA","Q","2022-Q4",2.84481880788388,
"EA17","LTINTFORECAST","TOT","PC_PA","Q","2023-Q1",2.98420682991584,
"EA17","LTINTFORECAST","TOT","PC_PA","Q","2023-Q2",3.16579679390994,
"EA17","LTINTFORECAST","TOT","PC_PA","Q","2023-Q3",3.46263028404116,
"EA17","LTINTFORECAST","TOT","PC_PA","Q","2023-Q4",3.66304306341412,
"BGR","LTINTFORECAST","TOT","PC_PA","Q","2020-Q1",0.14,
"BGR","LTINTFORECAST","TOT","PC_PA","Q","2020-Q2",0.36,
"BGR","LTINTFORECAST","TOT","PC_PA","Q","2020-Q3",0.32,
"BGR","LTINTFORECAST","TOT","PC_PA","Q","2020-Q4",0.196666666666667,
"BGR","LTINTFORECAST","TOT","PC_PA","Q","2021-Q1",0.16,
"BGR","LTINTFORECAST","TOT","PC_PA","Q","2021-Q2",0.14,
"BGR","LTINTFORECAST","TOT","PC_PA","Q","2021-Q3",0.143333333333333,
"BGR","LTINTFORECAST","TOT","PC_PA","Q","2021-Q4",0.313333333333333,
"BGR","LTINTFORECAST","TOT","PC_PA","Q","2022-Q1",0.756666666666667,
"BGR","LTINTFORECAST","TOT","PC_PA","Q","2022-Q2",1.67,
"BGR","LTINTFORECAST","TOT","PC_PA","Q","2022-Q3",1.85,
"BGR","LTINTFORECAST","TOT","PC_PA","Q","2022-Q4",1.85,
"BGR","LTINTFORECAST","TOT","PC_PA","Q","2023-Q1",2.93,
"BGR","LTINTFORECAST","TOT","PC_PA","Q","2023-Q2",4.21,
"BGR","LTINTFORECAST","TOT","PC_PA","Q","2023-Q3",4.3,
"BGR","LTINTFORECAST","TOT","PC_PA","Q","2023-Q4",4.5,
"COL","LTINTFORECAST","TOT","PC_PA","Q","2020-Q1",6.50015895371329,
"COL","LTINTFORECAST","TOT","PC_PA","Q","2020-Q2",6.70218459493575,
"COL","LTINTFORECAST","TOT","PC_PA","Q","2020-Q3",6.16587897979788,
"COL","LTINTFORECAST","TOT","PC_PA","Q","2020-Q4",5.9669069513875,
"COL","LTINTFORECAST","TOT","PC_PA","Q","2021-Q1",6.59704803601185,
"COL","LTINTFORECAST","TOT","PC_PA","Q","2021-Q2",7.59975905528336,
"COL","LTINTFORECAST","TOT","PC_PA","Q","2021-Q3",7.75199850375245,
"COL","LTINTFORECAST","TOT","PC_PA","Q","2021-Q4",8.55609139828775,
"COL","LTINTFORECAST","TOT","PC_PA","Q","2022-Q1",9.71249107700806,
"COL","LTINTFORECAST","TOT","PC_PA","Q","2022-Q2",10.9742490104181,
"COL","LTINTFORECAST","TOT","PC_PA","Q","2022-Q3",12.5801692762613,
"COL","LTINTFORECAST","TOT","PC_PA","Q","2022-Q4",13.4606701043966,
"COL","LTINTFORECAST","TOT","PC_PA","Q","2023-Q1",12.5471275863703,
"COL","LTINTFORECAST","TOT","PC_PA","Q","2023-Q2",13.3,
"COL","LTINTFORECAST","TOT","PC_PA","Q","2023-Q3",13.3,
"COL","LTINTFORECAST","TOT","PC_PA","Q","2023-Q4",13.3,
"HRV","LTINTFORECAST","TOT","PC_PA","Q","2020-Q1",0.713333333333333,
"HRV","LTINTFORECAST","TOT","PC_PA","Q","2020-Q2",1.03666666666667,
"HRV","LTINTFORECAST","TOT","PC_PA","Q","2020-Q3",0.87,
"HRV","LTINTFORECAST","TOT","PC_PA","Q","2020-Q4",0.713333333333333,
"HRV","LTINTFORECAST","TOT","PC_PA","Q","2021-Q1",0.536666666666667,
"HRV","LTINTFORECAST","TOT","PC_PA","Q","2021-Q2",0.496666666666667,
"HRV","LTINTFORECAST","TOT","PC_PA","Q","2021-Q3",0.416666666666667,
"HRV","LTINTFORECAST","TOT","PC_PA","Q","2021-Q4",0.34,
"HRV","LTINTFORECAST","TOT","PC_PA","Q","2022-Q1",1.33666666666667,
"HRV","LTINTFORECAST","TOT","PC_PA","Q","2022-Q2",2.80666666666667,
"HRV","LTINTFORECAST","TOT","PC_PA","Q","2022-Q3",2.99,
"HRV","LTINTFORECAST","TOT","PC_PA","Q","2022-Q4",3.65,
"HRV","LTINTFORECAST","TOT","PC_PA","Q","2023-Q1",3.75666666666667,
"HRV","LTINTFORECAST","TOT","PC_PA","Q","2023-Q2",4.60666666666667,
"HRV","LTINTFORECAST","TOT","PC_PA","Q","2023-Q3",4.65666666666667,
"HRV","LTINTFORECAST","TOT","PC_PA","Q","2023-Q4",4.70666666666667,
